{
	"courses": [
		{
			"code": "CRI2C4",
			"name": "Konstruksi Perangkat Lunak"
		},
		{
			"code": "kode_matkul_2",
			"name": "nama_matkul_2"
		},
		{
			"code": "kode_matkul_3",
			"name": "nama_matkul_3"
		},
		{
			"code": "kode_matkul_4",
			"name": "nama_matkul_4"
		},
		{
			"code": "kode_matkul_5",
			"name": "nama_matkul_5"
		},
		{
			"code": "kode_matkul_6",
			"name": "nama_matkul_6"
		},
		{
			"code": "kode_matkul_7",
			"name": "nama_matkul_7"
		}
	]
}